{
  "text": [],
  "tutorial": false,
  "type": "city",
  "items": [
    {
      "id": 0,
      "x": 14.5,
      "y": 9.60
    }
  ],
  "tiles": [
    {
      "type": "normal",
      "id": 0,
      "isSliding": false,
      "y": 8.11,
      "width": 5.56,
      "height": 0.4729729729729726,
      "x": 5.866666666666666,
      "direction": "up"
    },
    {
      "width": 2.6666666666666665,
      "type": "normal",
      "id": 1,
      "isSliding": false,
      "height": 0.45045045045045023,
      "y": 8.11,
      "x": 13.333333333333334,
      "direction": "up"
    },
    {
      "type": "normal",
      "id": 2,
      "isSliding": false,
      "y": 8.11,
      "height": 0.4279279279279281,
      "width": 4.253333333333335,
      "x": 18.133333333333333,
      "direction": "up"
    }
  ],
  "npc": [],
  "player": {
    "x": 7.92,
    "y": 9.86
  },
  "exit": {
    "x": 20,
    "y": 9
  }
}